{"cameraMode":{"drawMode":0,"name":"Shaded","section":"Shading Mode"},"sceneLighting":false,"audioPlay":false,"sceneViewState":{"m_AlwaysRefresh":false,"showFog":true,"showSkybox":false,"showFlares":true,"showImageEffects":true,"showParticleSystems":true,"showVisualEffectGraphs":true,"m_FxEnabled":true},"in2DMode":false,"pivot":{"x":-0.2685354948043823,"y":0.4343207776546478,"z":7.716794967651367},"rotation":{"x":0.16222457587718965,"y":-0.3932211697101593,"z":0.07070031017065048,"w":0.9022553563117981},"size":0.31438013911247256,"orthographic":false}