{"cameraMode":{"drawMode":0,"name":"Shaded","section":"Shading Mode"},"sceneLighting":false,"audioPlay":false,"sceneViewState":{"m_AlwaysRefresh":false,"showFog":true,"showSkybox":false,"showFlares":true,"showImageEffects":true,"showParticleSystems":true,"showVisualEffectGraphs":true,"m_FxEnabled":true},"in2DMode":false,"pivot":{"x":-0.00011524837464094162,"y":-0.0840347558259964,"z":0.013884037733078003},"rotation":{"x":0.11559096723794937,"y":-0.6856702566146851,"z":0.11163656413555145,"w":0.7099543213844299},"size":0.11082834005355835,"orthographic":false}