{"cameraMode":{"drawMode":0,"name":"Shaded","section":"Shading Mode"},"sceneLighting":true,"audioPlay":false,"sceneViewState":{"m_AlwaysRefresh":false,"showFog":true,"showSkybox":false,"showFlares":true,"showImageEffects":true,"showParticleSystems":true,"showVisualEffectGraphs":true,"m_FxEnabled":true},"in2DMode":false,"pivot":{"x":2.281158685684204,"y":3.1086905002593996,"z":-3.6158506870269777},"rotation":{"x":0.040716949850320819,"y":-0.6695883274078369,"z":0.03678391873836517,"w":0.7407261729240418},"size":5.017597675323486,"orthographic":true}