{"cameraMode":{"drawMode":0,"name":"Shaded","section":"Shading Mode"},"sceneLighting":false,"audioPlay":false,"sceneViewState":{"m_AlwaysRefresh":false,"showFog":true,"showSkybox":false,"showFlares":true,"showImageEffects":true,"showParticleSystems":true,"showVisualEffectGraphs":true,"m_FxEnabled":true},"in2DMode":false,"pivot":{"x":0.22775936126708985,"y":-0.026321128010749818,"z":-0.7096073031425476},"rotation":{"x":-0.008226750418543816,"y":-0.7279466986656189,"z":-0.008735692128539086,"w":0.6855300664901733},"size":1.8960565328598023,"orthographic":true}