{"cameraMode":{"drawMode":0,"name":"Shaded","section":"Shading Mode"},"sceneLighting":true,"audioPlay":false,"sceneViewState":{"m_AlwaysRefresh":false,"showFog":true,"showSkybox":false,"showFlares":true,"showImageEffects":true,"showParticleSystems":true,"showVisualEffectGraphs":true,"m_FxEnabled":true},"in2DMode":false,"pivot":{"x":-0.17171677947044373,"y":0.16218681633472444,"z":-8.866005897521973},"rotation":{"x":0.13666240870952607,"y":-0.8110321164131165,"z":0.20959493517875672,"w":0.5288115739822388},"size":1.0440316200256348,"orthographic":false}