{"cameraMode":{"drawMode":0,"name":"Shaded","section":"Shading Mode"},"sceneLighting":true,"audioPlay":false,"sceneViewState":{"m_AlwaysRefresh":false,"showFog":true,"showSkybox":false,"showFlares":true,"showImageEffects":true,"showParticleSystems":true,"showVisualEffectGraphs":true,"m_FxEnabled":true},"in2DMode":false,"pivot":{"x":1.1374015808105469,"y":0.28884685039520266,"z":-8.103395462036133},"rotation":{"x":0.11537576466798783,"y":-0.264815092086792,"z":0.03193182125687599,"w":0.9568472504615784},"size":1.2247449159622193,"orthographic":false}