{"cameraMode":{"drawMode":0,"name":"Shaded","section":"Shading Mode"},"sceneLighting":true,"audioPlay":false,"sceneViewState":{"m_AlwaysRefresh":false,"showFog":true,"showSkybox":false,"showFlares":true,"showImageEffects":true,"showParticleSystems":true,"showVisualEffectGraphs":true,"m_FxEnabled":true},"in2DMode":false,"pivot":{"x":-0.4664742648601532,"y":1.9670121669769288,"z":8.608880996704102},"rotation":{"x":0.06445542722940445,"y":0.002994155278429389,"z":-0.00019300285202916712,"w":0.9979265928268433},"size":3.75423526763916,"orthographic":false}