{"cameraMode":{"drawMode":0,"name":"Shaded","section":"Shading Mode"},"sceneLighting":true,"audioPlay":false,"sceneViewState":{"m_AlwaysRefresh":false,"showFog":true,"showSkybox":false,"showFlares":true,"showImageEffects":true,"showParticleSystems":true,"showVisualEffectGraphs":true,"m_FxEnabled":true},"in2DMode":false,"pivot":{"x":2.1329689025878908,"y":0.28059208393096926,"z":12.702025413513184},"rotation":{"x":0.00725493673235178,"y":-0.9927222728729248,"z":0.08148419111967087,"w":0.08838212490081787},"size":5.330141544342041,"orthographic":false}