{"cameraMode":{"drawMode":0,"name":"Shaded","section":"Shading Mode"},"sceneLighting":true,"audioPlay":false,"sceneViewState":{"m_AlwaysRefresh":false,"showFog":true,"showSkybox":true,"showFlares":true,"showImageEffects":true,"showParticleSystems":true,"showVisualEffectGraphs":true,"m_FxEnabled":true},"in2DMode":false,"pivot":{"x":4.746280670166016,"y":1.5768135786056519,"z":4.561446189880371},"rotation":{"x":0.031189939007163049,"y":-0.6688833236694336,"z":0.028109639883041383,"w":0.7421810626983643},"size":0.7768951654434204,"orthographic":false}